"Nama Lengkap","Nama Panggilan"
"Athiyah Naurah Syifa","Athiyah "
"Muhammad Rakha Alfaruq","Rakha "
"Prisa Ayudia Ningtiyas","Prisa "
"Salsabil Salwa Putri Maharani","Caca "
"Zahran Athallah Syafiq","Zahran "
"Muhammad Caesar Rivaldo","Valdo "
"Darvesh Gladwin Musyaffa","Glad "
"Dwi Fahira Alsyah","Fahira "
"Syiham Muhammad Rafi","Syiham Muhammad Rafi "
"Muhammad Faris Alfaqih","Faris "
"Muhammad Yazid Ahnaffauzi","Yazid "
"Ferdi Santoso","Ferdi "
"Auliarahma Yasifaputri Prasetio","Ifa "
"Diva Gemellia Putri","Diva "
"Muhammad Aydin Yusuf","Aydin "
"Naufal Rafi","Rafi "
"Andikanajmi Levi Maheswara","Andika "
"Raditya Kanahaya","Radit "
"Muhammad Viyendra","Viyen"
"Puan Azkia Maulida","Puan"
"Yunky Novfredly","Yong"
"Muhamad Habibi Budiman","Habud "